Workbook
Name Více_než_1_z_10: 'Pravděpodobnost výskytu'!$B$5:$B$13

Sheet AC_proces zpracování grafik
A1: Činnosti - obecně | B1: Požadavek | C1: Možná vada | D1: Důsledek vady | E1: Význam vady | G1: Hodnota | J1: Příčina vady | K1: Pravděpodobnost výskytu | L1: Hodnota | M1: Prevence | N1: Stávající detekce | O1: Pravděpodobnost odhalení | P1: Hodnota | Q1: RPN - aktuální | R1: řešení | S1: termín | T1: Vyřešeno?
E2: Z pohledu uživatele | F2: Z pohledu procesu
A3: Příprava grafických podkladů designery | B3: přesné tvary kamenů | C3: riziko vzniku splinů a elips | D3: nemožnost výroby forem | E3: 4 - Všimne si více než 75% uživatelů | F3: 6 - střední omezení | G3: =MAX(H3:I3) -> 6 | H3: =VLOOKUP($E3,'Význam vady'!$B$4:$C$13,2,FALSE) -> 4 | I3: =VLOOKUP($F3,'Význam vady'!$D$4:$F$13,3,FALSE) -> 6 | J3: nesprávná tvorba grafických podkladů | K3: 9: 1 z 20 | L3: =VLOOKUP($K3,'Pravděpodobnost výskytu'!$B$4:$C$13,2,FALSE) -> 9 | M3: kontrola správnosti podkladů již u designerů | N3: vizuální | O3: 3: Vysoká | P3: =VLOOKUP($O3,'Pravděpodobnost odhalení'!$D$4:$E$13,2,FALSE) -> 3 | Q3: =$G3*$L3*$P3 -> 162 | R3: vytvoření knihovny | S3: 46034 | T3: TRUE
B4: každý kámen v samostatné vrstvě | C4: riziko sloučení vrstev | D4: nesprávná identifikace kamene | E4: 7 - Omezení základních funkcí | F4: 6 - střední omezení | G4: =MAX(H4:I4) -> 7 | H4: =VLOOKUP($E4,'Význam vady'!$B$4:$C$13,2,FALSE) -> 7 | I4: =VLOOKUP($F4,'Význam vady'!$D$4:$F$13,3,FALSE) -> 6 | J4: nesprávná tvorba grafických podkladů | K4: 7: 1 ze 100 | L4: =VLOOKUP($K4,'Pravděpodobnost výskytu'!$B$4:$C$13,2,FALSE) -> 7 | M4: kontrola správnosti podkladů již u designerů | N4: kontrola vrstev a porovnání se zadáním | O4: 3: Vysoká | P4: =VLOOKUP($O4,'Pravděpodobnost odhalení'!$D$4:$E$13,2,FALSE) -> 3 | Q4: =$G4*$L4*$P4 -> 147 | R4: vytvoření knihovny | S4: 46034 | T4: TRUE
B5: přesné pojmenování kamene | C5: riziko špatného pojmenování kamene | D5: nesouhlasící kusovník | E5: 9 - S varováním uživatele | F5: 8- zásadní omezení | G5: =MAX(H5:I5) -> 9 | H5: =VLOOKUP($E5,'Význam vady'!$B$4:$C$13,2,FALSE) -> 9 | I5: =VLOOKUP($F5,'Význam vady'!$D$4:$F$13,3,FALSE) -> 8 | J5: nesjednocené pojmenovávání | K5: 7: 1 ze 100 | L5: =VLOOKUP($K5,'Pravděpodobnost výskytu'!$B$4:$C$13,2,FALSE) -> 7 | M5: kontrola správnosti podkladů již u designerů | N5: kontrola vrstev a porovnání se zadáním | O5: 3: Vysoká | P5: =VLOOKUP($O5,'Pravděpodobnost odhalení'!$D$4:$E$13,2,FALSE) -> 3 | Q5: =$G5*$L5*$P5 -> 189 | R5: vytvoření knihovny | S5: 46034 | T5: TRUE
B6: přesný rozměr kamene | C6: riziko špatné velikosti kamene | D6: nesoulad výrobních dat s fyzickým kusovníkem | E6: 9 - S varováním uživatele | F6: 8- zásadní omezení | G6: =MAX(H6:I6) -> 9 | H6: =VLOOKUP($E6,'Význam vady'!$B$4:$C$13,2,FALSE) -> 9 | I6: =VLOOKUP($F6,'Význam vady'!$D$4:$F$13,3,FALSE) -> 8 | J6: absence knihovny | K6: 7: 1 ze 100 | L6: =VLOOKUP($K6,'Pravděpodobnost výskytu'!$B$4:$C$13,2,FALSE) -> 7 | M6: kontrola správnosti podkladů již u designerů | N6: vizuální | O6: 4: Středně vysoká | P6: =VLOOKUP($O6,'Pravděpodobnost odhalení'!$D$4:$E$13,2,FALSE) -> 4 | Q6: =$G6*$L6*$P6 -> 252 | R6: vytvoření knihovny | S6: 46034 | T6: TRUE
B7: jasně definový spacing | C7: riziko špatného spacingu | D7: trasnfer se neshoduje se schváleným zadáním | E7: 9 - S varováním uživatele | F7: 9 - porušení legislativy | G7: =MAX(H7:I7) -> 9 | H7: =VLOOKUP($E7,'Význam vady'!$B$4:$C$13,2,FALSE) -> 9 | I7: =VLOOKUP($F7,'Význam vady'!$D$4:$F$13,3,FALSE) -> 9 | J7: nesprávná tvorba grafických podkladů | K7: 7: 1 ze 100 | L7: =VLOOKUP($K7,'Pravděpodobnost výskytu'!$B$4:$C$13,2,FALSE) -> 7 | M7: kontrola správnosti podkladů již u designerů | N7: vizuální | O7: 6: Nízká | P7: =VLOOKUP($O7,'Pravděpodobnost odhalení'!$D$4:$E$13,2,FALSE) -> 6 | Q7: =$G7*$L7*$P7 -> 378 | R7: tvorba skriptu detekující spacing | S7: 46143 | T7: FALSE
B8: přesné stanovení kusovníku | C8: riziko špatného počtu kamenů v kusovníku | D8: nesprávně spočítaná kalkulace | E8: 10 - Bez varování pro uživatele | F8: 8- zásadní omezení | G8: =MAX(H8:I8) -> 10 | H8: =VLOOKUP($E8,'Význam vady'!$B$4:$C$13,2,FALSE) -> 10 | I8: =VLOOKUP($F8,'Význam vady'!$D$4:$F$13,3,FALSE) -> 8 | J8: ruční tvorba kusovníku | K8: 7: 1 ze 100 | L8: =VLOOKUP($K8,'Pravděpodobnost výskytu'!$B$4:$C$13,2,FALSE) -> 7 | M8: kontrola správnosti podkladů již u designerů | N8: kontrola kusovníku a porovnání se zadáním | O8: 5: Střední | P8: =VLOOKUP($O8,'Pravděpodobnost odhalení'!$D$4:$E$13,2,FALSE) -> 5 | Q8: =$G8*$L8*$P8 -> 350 | R8: skript na kusovník | S8: 45992 | T8: TRUE
B9: Illustrator dokumet musí být v RGB | C9: riziko špatného barevného režimu dokumentu (RGB/CMYK) | D9: Nekompatibilní barvy v návazných programech | E9: 5 - Omezení druhotných funkcí | F9: 7 - velké omezení | G9: =MAX(H9:I9) -> 7 | H9: =VLOOKUP($E9,'Význam vady'!$B$4:$C$13,2,FALSE) -> 5 | I9: =VLOOKUP($F9,'Význam vady'!$D$4:$F$13,3,FALSE) -> 7 | J9: špatně vytvořený dokument v Illustratoru | K9: 8: 1 z 50 | L9: =VLOOKUP($K9,'Pravděpodobnost výskytu'!$B$4:$C$13,2,FALSE) -> 8 | M9: kontrola správnosti podkladů již u designerů | N9: vizuální | O9: 3: Vysoká | P9: =VLOOKUP($O9,'Pravděpodobnost odhalení'!$D$4:$E$13,2,FALSE) -> 3 | Q9: =$G9*$L9*$P9 -> 168 | R9: skript hlídá barevnost | S9: 46327 | T9: TRUE
B10: plné vytížení CS motivy | C10: časové riziko CS rozmístění | D10: zpomalení procesu stanovení nabídky | E10: 10 - Bez varování pro uživatele | F10: 7 - velké omezení | G10: =MAX(H10:I10) -> 10 | H10: =VLOOKUP($E10,'Význam vady'!$B$4:$C$13,2,FALSE) -> 10 | I10: =VLOOKUP($F10,'Význam vady'!$D$4:$F$13,3,FALSE) -> 7 | J10: neefektivní tvorba grafických podkladů | K10: 10: Více než 1 z 10 | L10: =VLOOKUP($K10,'Pravděpodobnost výskytu'!$B$4:$C$13,2,FALSE) -> 10 | M10: rychlé vykonávání repetivních úkonů | N10: vizuální | O10: 1: Téměř jistá | P10: =VLOOKUP($O10,'Pravděpodobnost odhalení'!$D$4:$E$13,2,FALSE) -> 1 | Q10: =$G10*$L10*$P10 -> 100 | R10: jiná workflow nebo program | S10: 46174 | T10: FALSE
B11: plné vytížení CS motivy | C11: nedostatečně vytížený CS | D11: vysoká cenová nabídka | E11: 10 - Bez varování pro uživatele | F11: 7 - velké omezení | G11: =MAX(H11:I11) -> 10 | H11: =VLOOKUP($E11,'Význam vady'!$B$4:$C$13,2,FALSE) -> 10 | I11: =VLOOKUP($F11,'Význam vady'!$D$4:$F$13,3,FALSE) -> 7 | J11: nesprávná tvorba grafických podkladů | K11: 6: 1 z 500 | L11: =VLOOKUP($K11,'Pravděpodobnost výskytu'!$B$4:$C$13,2,FALSE) -> 6 | M11: kontrola správnosti podkladů již u designerů | N11: vizuální | O11: 3: Vysoká | P11: =VLOOKUP($O11,'Pravděpodobnost odhalení'!$D$4:$E$13,2,FALSE) -> 3 | Q11: =$G11*$L11*$P11 -> 180 | R11: jiná workflow nebo program | S11: 46174 | T11: FALSE
B12: správné rozmístění kamenů | C12: riziko duplicitních kamenů | D12: nemožnost výroby forem | E12: 4 - Všimne si více než 75% uživatelů | F12: 6 - střední omezení | G12: =MAX(H12:I12) -> 6 | H12: =VLOOKUP($E12,'Význam vady'!$B$4:$C$13,2,FALSE) -> 4 | I12: =VLOOKUP($F12,'Význam vady'!$D$4:$F$13,3,FALSE) -> 6 | J12: absence kontroly v Illustratoru | K12: 8: 1 z 50 | L12: =VLOOKUP($K12,'Pravděpodobnost výskytu'!$B$4:$C$13,2,FALSE) -> 8 | M12: kontrola správnosti podkladů již u designerů | N12: vizuální | O12: 5: Střední | P12: =VLOOKUP($O12,'Pravděpodobnost odhalení'!$D$4:$E$13,2,FALSE) -> 5 | Q12: =$G12*$L12*$P12 -> 240 | R12: skript hlídající duplicitu | S12: 46143 | T12: FALSE
B13: správný kusovník | C13: riziko volby neexistujícího kamene | D13: blokace výroby | E13: 9 - S varováním uživatele | F13: 9 - porušení legislativy | G13: =MAX(H13:I13) -> 9 | H13: =VLOOKUP($E13,'Význam vady'!$B$4:$C$13,2,FALSE) -> 9 | I13: =VLOOKUP($F13,'Význam vady'!$D$4:$F$13,3,FALSE) -> 9 | J13: ruční tvorba kusovníku | K13: 5: 1 z 2.000 | L13: =VLOOKUP($K13,'Pravděpodobnost výskytu'!$B$4:$C$13,2,FALSE) -> 5 | M13: kontrola správnosti podkladů již u designerů | N13: kontrola kusovníku a porovnání se zadáním | O13: 5: Střední | P13: =VLOOKUP($O13,'Pravděpodobnost odhalení'!$D$4:$E$13,2,FALSE) -> 5 | Q13: =$G13*$L13*$P13 -> 225 | R13: vytvoření knihovny | S13: 46034 | T13: TRUE
B14: rychlé zpracování grafik transferů | C14: časové riziko | D14: nerealizace projektu | E14: 9 - S varováním uživatele | F14: 9 - porušení legislativy | G14: =MAX(H14:I14) -> 9 | H14: =VLOOKUP($E14,'Význam vady'!$B$4:$C$13,2,FALSE) -> 9 | I14: =VLOOKUP($F14,'Význam vady'!$D$4:$F$13,3,FALSE) -> 9 | J14: nevyužití potenciálu Illustratoru | K14: 8: 1 z 50 | L14: =VLOOKUP($K14,'Pravděpodobnost výskytu'!$B$4:$C$13,2,FALSE) -> 8 | M14: rychlé vykonávání repetivních úkonů | N14: vizuální | O14: 3: Vysoká | P14: =VLOOKUP($O14,'Pravděpodobnost odhalení'!$D$4:$E$13,2,FALSE) -> 3 | Q14: =$G14*$L14*$P14 -> 216 | R14: plugin/skripty | S14: 46054 | T14: TRUE
A15: Transfer grafik do výrobních dat | B15: jasná definice rozložení panelů v rámci transferu | C15: riziko neefektivního rozdělení panelů | D15: zkreslení kalkulace | E15: 10 - Bez varování pro uživatele | F15: 9 - porušení legislativy | G15: =MAX(H15:I15) -> 10 | H15: =VLOOKUP($E15,'Význam vady'!$B$4:$C$13,2,FALSE) -> 10 | I15: =VLOOKUP($F15,'Význam vady'!$D$4:$F$13,3,FALSE) -> 9 | J15: nejednotná workflow | K15: 9: 1 z 20 | L15: =VLOOKUP($K15,'Pravděpodobnost výskytu'!$B$4:$C$13,2,FALSE) -> 9 | M15: kontrola správnosti podkladů u technologů | N15: vizuální | O15: 3: Vysoká | P15: =VLOOKUP($O15,'Pravděpodobnost odhalení'!$D$4:$E$13,2,FALSE) -> 3 | Q15: =$G15*$L15*$P15 -> 270 | R15: skript na vytvoření panelů | S15: 46113 | T15: FALSE
B16: spolehlivý přenos grafických dat | C16: riziko deformace dat při exportu (geometrie) | D16: nemožnost výroby forem | E16: 4 - Všimne si více než 75% uživatelů | F16: 8- zásadní omezení | G16: =MAX(H16:I16) -> 8 | H16: =VLOOKUP($E16,'Význam vady'!$B$4:$C$13,2,FALSE) -> 4 | I16: =VLOOKUP($F16,'Význam vady'!$D$4:$F$13,3,FALSE) -> 8 | J16: nevyužití potenciálu AutoCADu | K16: 6: 1 z 500 | L16: =VLOOKUP($K16,'Pravděpodobnost výskytu'!$B$4:$C$13,2,FALSE) -> 6 | M16: kontrola správnosti podkladů u technologů | N16: kontrola vlastností objektů | O16: 2: Velmi vysoká | P16: =VLOOKUP($O16,'Pravděpodobnost odhalení'!$D$4:$E$13,2,FALSE) -> 2 | Q16: =$G16*$L16*$P16 -> 96 | R16: zmenšit počet exportů | S16: 46082 | T16: TRUE
B17: Unifikace grafických programů | C17: časové riziko používaní 4 programů | D17: zpomalení přípravy dat a větší chybovost | E17: 5 - Omezení druhotných funkcí | F17: 6 - střední omezení | G17: =MAX(H17:I17) -> 6 | H17: =VLOOKUP($E17,'Význam vady'!$B$4:$C$13,2,FALSE) -> 5 | I17: =VLOOKUP($F17,'Význam vady'!$D$4:$F$13,3,FALSE) -> 6 | J17: nevyužití potenciálu programů | K17: 10: Více než 1 z 10 | L17: =VLOOKUP($K17,'Pravděpodobnost výskytu'!$B$4:$C$13,2,FALSE) -> 10 | M17: rychlé vykonávání repetivních úkonů | N17: kontrola počtu druhů kamenů | O17: 3: Vysoká | P17: =VLOOKUP($O17,'Pravděpodobnost odhalení'!$D$4:$E$13,2,FALSE) -> 3 | Q17: =$G17*$L17*$P17 -> 180 | R17: zmenšit počet použitých programů | S17: 46082 | T17: TRUE
B18: Správná geometrie kamenů | C18: riziko špatného zvětšení kamene | D18: špatně vyrobená forma | E18: 4 - Všimne si více než 75% uživatelů | F18: 8- zásadní omezení | G18: =MAX(H18:I18) -> 8 | H18: =VLOOKUP($E18,'Význam vady'!$B$4:$C$13,2,FALSE) -> 4 | I18: =VLOOKUP($F18,'Význam vady'!$D$4:$F$13,3,FALSE) -> 8 | J18: absence knihovny | K18: 7: 1 ze 100 | L18: =VLOOKUP($K18,'Pravděpodobnost výskytu'!$B$4:$C$13,2,FALSE) -> 7 | M18: kontrola správnosti podkladů u technologů | N18: vizuální | O18: 6: Nízká | P18: =VLOOKUP($O18,'Pravděpodobnost odhalení'!$D$4:$E$13,2,FALSE) -> 6 | Q18: =$G18*$L18*$P18 -> 336 | R18: vytvoření knihovny | S18: 46034 | T18: TRUE
B19: rychlá příprava dat pro výrobu | C19: riziko nedostatečného výkonu AutoCADu | D19: zpomalení přípravy dat | E19: 5 - Omezení druhotných funkcí | F19: 8- zásadní omezení | G19: =MAX(H19:I19) -> 8 | H19: =VLOOKUP($E19,'Význam vady'!$B$4:$C$13,2,FALSE) -> 5 | I19: =VLOOKUP($F19,'Význam vady'!$D$4:$F$13,3,FALSE) -> 8 | J19: nesprávná workflow v AutoCADu | K19: 7: 1 ze 100 | L19: =VLOOKUP($K19,'Pravděpodobnost výskytu'!$B$4:$C$13,2,FALSE) -> 7 | M19: žádná | N19: sekání AutoCADu | O19: 1: Téměř jistá | P19: =VLOOKUP($O19,'Pravděpodobnost odhalení'!$D$4:$E$13,2,FALSE) -> 1 | Q19: =$G19*$L19*$P19 -> 56 | R19: jiná workflow v AutoCADu | S19: 46113 | T19: FALSE
B20: jasná definice rozložení panelů v rámci transferu | C20: nesprávná volba rozložení panelů | D20: komplikace výroby a aplikace panelů | E20: 4 - Všimne si více než 75% uživatelů | F20: 6 - střední omezení | G20: =MAX(H20:I20) -> 6 | H20: =VLOOKUP($E20,'Význam vady'!$B$4:$C$13,2,FALSE) -> 4 | I20: =VLOOKUP($F20,'Význam vady'!$D$4:$F$13,3,FALSE) -> 6 | J20: nesprávná tvorba výrobních podkladů | K20: 7: 1 ze 100 | L20: =VLOOKUP($K20,'Pravděpodobnost výskytu'!$B$4:$C$13,2,FALSE) -> 7 | M20: kontrola správnosti podkladů u technologů | N20: vizuální | O20: 3: Vysoká | P20: =VLOOKUP($O20,'Pravděpodobnost odhalení'!$D$4:$E$13,2,FALSE) -> 3 | Q20: =$G20*$L20*$P20 -> 126 | R20: skript na vytvoření panelů | S20: 46113 | T20: FALSE
B21: přebarvení kamenů v Illustratoru | C21: časové riziko ručního přebarvování | D21: zpomalení přípravy dat | E21: 5 - Omezení druhotných funkcí | F21: 6 - střední omezení | G21: =MAX(H21:I21) -> 6 | H21: =VLOOKUP($E21,'Význam vady'!$B$4:$C$13,2,FALSE) -> 5 | I21: =VLOOKUP($F21,'Význam vady'!$D$4:$F$13,3,FALSE) -> 6 | J21: nevyužití potenciálu Illustratoru | K21: 10: Více než 1 z 10 | L21: =VLOOKUP($K21,'Pravděpodobnost výskytu'!$B$4:$C$13,2,FALSE) -> 10 | M21: rychlé vykonávání repetivních úkonů | N21: kontrola počtu druhů kamenů | O21: 3: Vysoká | P21: =VLOOKUP($O21,'Pravděpodobnost odhalení'!$D$4:$E$13,2,FALSE) -> 3 | Q21: =$G21*$L21*$P21 -> 180 | R21: skript na přebarvení | S21: 46296 | T21: TRUE
B22: přebarvení kamenů v Corelu | C22: časové riziko ručního přebarvování | D22: zpomalení přípravy dat | E22: 5 - Omezení druhotných funkcí | F22: 6 - střední omezení | G22: =MAX(H22:I22) -> 6 | H22: =VLOOKUP($E22,'Význam vady'!$B$4:$C$13,2,FALSE) -> 5 | I22: =VLOOKUP($F22,'Význam vady'!$D$4:$F$13,3,FALSE) -> 6 | J22: nevyužití potenciálu Corelu | K22: 10: Více než 1 z 10 | L22: =VLOOKUP($K22,'Pravděpodobnost výskytu'!$B$4:$C$13,2,FALSE) -> 10 | M22: rychlé vykonávání repetivních úkonů | N22: kontrola počtu druhů kamenů | O22: 3: Vysoká | P22: =VLOOKUP($O22,'Pravděpodobnost odhalení'!$D$4:$E$13,2,FALSE) -> 3 | Q22: =$G22*$L22*$P22 -> 180 | R22: skript na přebarvení | S22: 46296 | T22: TRUE
B23: rychlá příprava dat pro výrobu | C23: riziko nedostatečného výkonu StrassCADu | D23: zpomalení přípravy dat | E23: 5 - Omezení druhotných funkcí | F23: 6 - střední omezení | G23: =MAX(H23:I23) -> 6 | H23: =VLOOKUP($E23,'Význam vady'!$B$4:$C$13,2,FALSE) -> 5 | I23: =VLOOKUP($F23,'Význam vady'!$D$4:$F$13,3,FALSE) -> 6 | J23: pomalý program | K23: 8: 1 z 50 | L23: =VLOOKUP($K23,'Pravděpodobnost výskytu'!$B$4:$C$13,2,FALSE) -> 8 | M23: žádná | N23: kontrola počtu druhů kamenů | O23: 3: Vysoká | P23: =VLOOKUP($O23,'Pravděpodobnost odhalení'!$D$4:$E$13,2,FALSE) -> 3 | Q23: =$G23*$L23*$P23 -> 144 | R23: vyřazení StrassCADu z workflow | S23: 46082 | T23: TRUE

Sheet Význam vady
A1: VÝZNAM VADY
A2: Z pohledu dopadu na UŽIVATELE | C2: Hodnota | D2: Z pohledu PROCESU | F2: Hodnota
A3: Důsledek | B3: Dopad | D3: Dopad | E3: Důsledek
A4: Porušení bezpečnosti nebo legislativy | B4: 10 - Bez varování pro uživatele | C4: 10 | D4: 10 - porušení bezpečnosti | E4: Porušení bezpečnosti nebo legislativy | F4: 10
B5: 9 - S varováním uživatele | C5: 9 | D5: 9 - porušení legislativy | F5: 9
A6: Ztráta nebo značné omezení základních funkcí | B6: 8 - Ztráta základních funkcí | C6: 8 | D6: 8- zásadní omezení | E6: Zásadní omezení | F6: 8
B7: 7 - Omezení základních funkcí | C7: 7 | D7: 7 - velké omezení | E7: Velká omezení | F7: 7
A8: Ztráta nebo značné omezení ostatních funkcí | B8: 6 - Ztráta druhotných funkcí | C8: 6 | D8: 6 - střední omezení | E8: Střední omezení | F8: 6
B9: 5 - Omezení druhotných funkcí | C9: 5 | D9: 6 - střední omezení | F9: 5
A10: Nepříjemnosti | B10: 4 - Všimne si více než 75% uživatelů | C10: 4 | D10: 6 - střední omezení | F10: 4
B11: 3 - Všimne si více než 50% uživatelů | C11: 3 | D11: 6 - střední omezení | F11: 3
B12: 2 - Všimne si více než 25% uživatelů | C12: 2 | D12: 2 - malé omezení | E12: Malá omezení | F12: 2
A13: Žádný důsledek | B13: 1 - Žádný dopad na uživatele | C13: 1 | D13: 1 - Žádný dopad | E13: Bez omezení | F13: 1

Sheet Pravděpodobnost výskytu
A1: PRAVDĚPODOBNOST VÝSKYTU
A3: cpk | B3: Pravděpodobnost výskytu | C3: Hodnota
A4: <=0,33 | B4: 10: Více než 1 z 10 | C4: 10
B5: 9: 1 z 20 | C5: 9
B6: 8: 1 z 50 | C6: 8
B7: 7: 1 ze 100 | C7: 7
B8: 6: 1 z 500 | C8: 6
B9: 5: 1 z 2.000 | C9: 5
B10: 4: 1 z 10.000 | C10: 4
A11: > 1,33 | B11: 3: 1 ze 100.000 | C11: 3
B12: 2: 1 z 1.000.000 | C12: 2
A13: > 1,67 | B13: 1: Chyby jsou eliminovány prevencí | C13: 1

Sheet Pravděpodobnost odhalení
A1: PRAVDĚPODOBNOST ODHALENÍ
C3: Kritéria odhalení | D3: Pravděpodobnost odhalení | E3: Hodnota
B4: Vizuální kontrola | C4: Kontrola se neprovádí nebo chyba je neodhalitelná | D4: 10: Téměř nemožná | E4: 10
C5: Druh vady nebo poruchy není snadno detekovatelný (např. náhodné audity) | D5: 9: Velmi problematická | E5: 9
C6: Selhání odhalení prováděné operátorem vizuálně, hmatem nebo sluchem na konci procesu | D6: 8: Problematická | E6: 8
C7: Subjektivní detekce operátorem(vizuálně, hmatem, sluchem) na místě, nebo atribut rozhodování ano/ne(např. měrkou) na konci procesu | D7: 7: Velmi nízká | E7: 7
A8: Měření | C8: Detekce měřením operátorem na konci procesu, nebo atribut. Rozhodování ano/ne (měrka) na místě | D8: 6: Nízká | E8: 6
C9: Detekce na místě měřením operátorem nebo automaticky hlásí chybu vizuálně/zvukem. Měření při nastavení a na prvním kusu | D9: 5: Střední | E9: 5
B10: Poka Yoke | C10: Automatická kontrola na konci procesu, která detekuje chyby a zabraňuje následnému zpracování | D10: 4: Středně vysoká | E10: 4
C11: Automatická kontrola na místě, která detekuje chyby a zabraňuje následné operaci | D11: 3: Vysoká | E11: 3
C12: Automatická kontrola na místě zabraňující výrobu špatných kusů | D12: 2: Velmi vysoká | E12: 2
C13: Špatné kusy nemohou být vyrobeny, protože tomu bylo zabráněno při návrhu procesu/výrobku | D13: 1: Téměř jistá | E13: 1

Sheet List1
